name,surname,personID
Peter,Smith,yB9fR6tK0wLm
Martin,Kucera,cN1vZ8pE5sYx
David,Dvorak,tQdG2kP3mJfB
Adam,Svoboda,iM5sO6zXcW7v
Michael,Johnson,rU8nA9eT2bYh
Thomas,Brown,wV6eH1fK7qZj
Daniel,White,sL4gN9dC3bXz
Jakub,Cerny,kR0aZ7vW2nDl
Lucas,Wilson,eI1oY6tQ9dKj
Anna,Horakova,gT4cR7wS0lVx
Eliska,Taylor,xF9hD2yJ3sWv
Klara,Bartonova,hM5bZ8nK4aVf
Veronika,Marekova,qE3lY6uT0vKd
Kate,Clark,bG2zC7jR9xVp
Emily,Davis,vB1fX4rH7iNt
Sarah,Baker,aO8kP3mZ6dIw
Laura,Young,dW9pL2eU1yNc
Sofia,Lewis,nS7tJ0qR5wGh
Mia,Hall,mY6sT1jA3cLz
